Workbook

Sheet Settings
A1: Name | B1: Value | C1: Description | D1: ¿Dónde Se Usan? | E1: Llamada en Código
A2: LogMessage_GetTransactionData | B2: Transacción iniciada… | D2: Core System | E2: ="dicConfig(" & CHAR(34) & A2 & CHAR(34) & ").ToString" -> dicConfig("LogMessage_GetTransactionData").ToString
A3: LogMessage_GetTransactionDataError | B3: Error en la data… | D3: Core System | E3: ="dicConfig(" & CHAR(34) & A3 & CHAR(34) & ").ToString" -> dicConfig("LogMessage_GetTransactionDataError").ToString
A4: LogMessage_Success | B4: Set Transaction Status Success | D4: Core System | E4: ="dicConfig(" & CHAR(34) & A4 & CHAR(34) & ").ToString" -> dicConfig("LogMessage_Success").ToString
A5: LogMessage_BusinessRuleException | B5: Set Transaction Status Business Rule Exception | D5: Core System | E5: ="dicConfig(" & CHAR(34) & A5 & CHAR(34) & ").ToString" -> dicConfig("LogMessage_BusinessRuleException").ToString
A6: LogMessage_ApplicationException | B6: Set Transaction Status System Exception | D6: Core System | E6: ="dicConfig(" & CHAR(34) & A6 & CHAR(34) & ").ToString" -> dicConfig("LogMessage_ApplicationException").ToString
A7: SiglasProcessName | B7: Plantilla | D7: Project Setting | E7: ="dicConfig(" & CHAR(34) & A7 & CHAR(34) & ").ToString" -> dicConfig("SiglasProcessName").ToString
A8: ProcessName | B8: P1 | D8: Project Setting | E8: ="dicConfig(" & CHAR(34) & A8 & CHAR(34) & ").ToString" -> dicConfig("ProcessName").ToString
A9: CarpetaFlujoAutomatizado | B9: Estructura_Plantilla | C9: Ruta que contiene las carpetas de la Estructura. | D9: Project Setting | E9: ="dicConfig(" & CHAR(34) & A9 & CHAR(34) & ").ToString" -> dicConfig("CarpetaFlujoAutomatizado").ToString
A10: OrchestratorQueueName | B10: "" | C10: Nombre de la Queue que usa el Proyecto | D10: Project Setting | E10: ="dicConfig(" & CHAR(34) & A10 & CHAR(34) & ").ToString" -> dicConfig("OrchestratorQueueName").ToString

Sheet Constants
A1: Name | B1: Value | C1: Description | D1: ¿Dónde Se Usan? | E1: Llamada en Código
A2: MaxRetryNumber | B2: 1 | C2: Reintenos de ejecuciones del robot | D2: Core System | E2: ="dicConfig(" & CHAR(34) & A2 & CHAR(34) & ").ToString" -> dicConfig("MaxRetryNumber").ToString
A3: LoginRetryNumber | B3: 2 | C3: Reintentos para autenticar en los sistemas web | D3: Core System | E3: ="dicConfig(" & CHAR(34) & A3 & CHAR(34) & ").ToString" -> dicConfig("LoginRetryNumber").ToString
A4: AutenticarWebApp | B4: True | C4: =_xlfn.CONCAT("Indicar si el robot debe autenticar en ",A4) -> Indicar si el robot debe autenticar en AutenticarWebApp | D4: Core System | E4: ="dicConfig(" & CHAR(34) & A4 & CHAR(34) & ").ToString" -> dicConfig("AutenticarWebApp").ToString
A5: SubjectFestivos | B5: =CONCATENATE("Reporte de Flujo: ",Settings!B8) -> Reporte de Flujo: P1 | C5: Subject para correo de alerta de días festivos | D5: Core System | E5: ="dicConfig(" & CHAR(34) & A5 & CHAR(34) & ").ToString" -> dicConfig("SubjectFestivos").ToString
A6: BodyFestivos | B6: =CONCATENATE("Estimados, el flujo de ",Settings!B8," se detuvo por la siguiente razón: ") -> Estimados, el flujo de P1 se detuvo por la siguiente razón: | C6: Body para correo de alerta de días festivos | D6: Core System | E6: ="dicConfig(" & CHAR(34) & A6 & CHAR(34) & ").ToString" -> dicConfig("BodyFestivos").ToString
A7: RutaCarpetasModulo | B7: =Settings!B$9&IF(RIGHT(Settings!B$9,1)="\","","\")&"Archivos\<Modulo>" -> Estructura_Plantilla\Archivos\<Modulo> | C7: Ruta donde se guardarán las capturas de pantalla | D7: Core System | E7: ="dicRutas(" & CHAR(34) & A7 & CHAR(34) & ").ToString" -> dicRutas("RutaCarpetasModulo").ToString
A8: RutaSS | B8: =Settings!B$9&IF(RIGHT(Settings!B$9,1)="\","","\")&"Archivos\<Modulo>\Images" -> Estructura_Plantilla\Archivos\<Modulo>\Images | C8: Ruta donde se guardarán las capturas de pantalla | D8: Core System | E8: ="dicRutas(" & CHAR(34) & A8 & CHAR(34) & ").ToString" -> dicRutas("RutaSS").ToString
A9: RutaVideo | B9: =Settings!B$9&IF(RIGHT(Settings!B$9,1)="\","","\")&"Archivos\<Modulo>\Videos" -> Estructura_Plantilla\Archivos\<Modulo>\Videos | C9: Ruta donde se guardarán los vídeos | D9: Core System | E9: ="dicRutas(" & CHAR(34) & A9 & CHAR(34) & ").ToString" -> dicRutas("RutaVideo").ToString
A10: RutaInputs | B10: =Settings!B$9&IF(RIGHT(Settings!B$9,1)="\","","\")&"Archivos\<Modulo>\Inputs" -> Estructura_Plantilla\Archivos\<Modulo>\Inputs | C10: Ruta donde se guardarán los insumos utilizados (descargas) | D10: Core System | E10: ="dicRutas(" & CHAR(34) & A10 & CHAR(34) & ").ToString" -> dicRutas("RutaInputs").ToString
A11: RutaOutputs | B11: =Settings!B$9&IF(RIGHT(Settings!B$9,1)="\","","\")&"Archivos\<Modulo>\Outputs" -> Estructura_Plantilla\Archivos\<Modulo>\Outputs | C11: Ruta donde se guardarán los archivos generados | D11: Core System | E11: ="dicRutas(" & CHAR(34) & A11 & CHAR(34) & ").ToString" -> dicRutas("RutaOutputs").ToString
A12: RutaCert | B12: ="EstructuraGlobal\Certificados" -> EstructuraGlobal\Certificados | C12: Ruta donde se guardarán los certificados para autenticar. | D12: Core System | E12: ="dicRutas(" & CHAR(34) & A12 & CHAR(34) & ").ToString" -> dicRutas("RutaCert").ToString
A13: RutaCodec | B13: ="EstructuraGlobal\CodecVideo" -> EstructuraGlobal\CodecVideo | C13: Ruta donde se ubica el codec de vídeo para grabar pantalla | D13: Core System | E13: ="dicRutas(" & CHAR(34) & A13 & CHAR(34) & ").ToString" -> dicRutas("RutaCodec").ToString
A14: DynamicConfig | B14: DynamicConfig.xlsx | C14: Nombre del Excel de Configuración Dinámica para l Flujo; debe estar en el Storage Bucket | D14: Project Setting | E14: ="dicConfig(" & CHAR(34) & A14 & CHAR(34) & ").ToString" -> dicConfig("DynamicConfig").ToString
A15: HojaDynamicConfig | B15: DynamicConfig | C15: Nombre Hoja del Excel de Dynamic Config | D15: Project Setting | E15: ="dicConfig(" & CHAR(34) & A15 & CHAR(34) & ").ToString" -> dicConfig("HojaDynamicConfig").ToString
A16: CeldaDynamicConfig | B16: A1 | C16: Celda donde inicia la tabla de Dynamic Config | D16: Project Setting | E16: ="dicConfig(" & CHAR(34) & A16 & CHAR(34) & ").ToString" -> dicConfig("CeldaDynamicConfig").ToString
A17: NombrePrimerColumnaTablaDynamicConfig | B17: Nombre | C17: Valor del texto de la primer columna de la tabla. Para filtro de Vacíos y Key de Diccionario | D17: Project Setting | E17: ="dicConfig(" & CHAR(34) & A17 & CHAR(34) & ").ToString" -> dicConfig("NombrePrimerColumnaTablaDynamicConfig").ToString
A18: NombreSegundaColumnaTablaDynamicConfig | B18: Valor | C18: Valor del texto de la primer columna de la tabla. Para Value de Diccionario | D18: Project Setting | E18: ="dicConfig(" & CHAR(34) & A18 & CHAR(34) & ").ToString" -> dicConfig("NombreSegundaColumnaTablaDynamicConfig").ToString
A19: OrchestratorFolder_Shared | B19: Shared | C19: Carpeta en Orquestador para Assets Compartidos | D19: Core System | E19: ="dicConfig(" & CHAR(34) & A19 & CHAR(34) & ").ToString" -> dicConfig("OrchestratorFolder_Shared").ToString
A20: OrchestratorFolder_UnidadNegocio | C20: ="Carpeta en Orquestador para Assets Privados del Proceso automatizado ( " & B20 & ")" -> Carpeta en Orquestador para Assets Privados del Proceso automatizado ( ) | D20: Project Setting | E20: ="dicConfig(" & CHAR(34) & A20 & CHAR(34) & ").ToString" -> dicConfig("OrchestratorFolder_UnidadNegocio").ToString

Sheet AssetsShared
A1: Name | B1: Asset | C1: Description | D1: Asset Scope | E1: Default Value | F1: Asset Type | G1: AssetFolder | H1: ¿Dónde Se Usan? | I1: CustomAssetConfig | J1: Llamada en Código
A2: DominioPermitido | B2: DominioPermitido_General | C2: Dominio permitido para responderle correo de Login al Robot | D2: Global | F2: Texto | G2: Shared | H2: Core System | J2: ="dicConfig(" & CHAR(34) & A2 & CHAR(34) & ").ToString" -> dicConfig("DominioPermitido").ToString
A3: EmailBodyGeneral | B3: EmailBodyGeneral_Global | C3: Cuerpo del correo que enviará el proceso | D3: Global | E3: Se anexan resultados de ejecución de <Modulo> | F3: Texto | G3: Shared | H3: Core System | J3: ="dicConfig(" & CHAR(34) & A3 & CHAR(34) & ").ToString" -> dicConfig("EmailBodyGeneral").ToString
A4: EmailServerName | B4: EmailServerName | C4: Servidor utilizado para el servicio de correo. | D4: Global | F4: Texto | G4: Shared | H4: Core System | J4: ="dicConfig(" & CHAR(34) & A4 & CHAR(34) & ").ToString" -> dicConfig("EmailServerName").ToString
A5: EmailSubjectGeneral | B5: EmailSubjectGeneral_Global | C5: Título del correo que enviará el proceso | D5: Global | E5: Reporte de Resultados de <Modulo> | F5: Texto | G5: Shared | H5: Core System | J5: ="dicConfig(" & CHAR(34) & A5 & CHAR(34) & ").ToString" -> dicConfig("EmailSubjectGeneral").ToString
A6: GenerarGrabacion | B6: GenerarGrabacion_General | C6: Asset que controla si desea o no generar grabación de vídeo. | D6: Global | E6: True | F6: Boolean | G6: Shared | H6: Core System | J6: ="dicConfig(" & CHAR(34) & A6 & CHAR(34) & ").ToString" -> dicConfig("GenerarGrabacion").ToString
A7: InboxFolderName | B7: InboxFolderName | C7: Nombre de la Carpeta Inbox en el Correo de la cuenta (Inbox, Bandeja de Entrada, etc). | D7: Global | E7: Bandeja de entrada | F7: Texto | G7: Shared | H7: Core System | J7: ="dicConfig(" & CHAR(34) & A7 & CHAR(34) & ").ToString" -> dicConfig("InboxFolderName").ToString
A8: Office365API_ApplicationID | B8: Office365API_ApplicationID | C8: ID de conexión al API de Azure para comunicación de Correo | D8: Global | F8: Texto | G8: Shared | H8: Core System | J8: ="dicConfig(" & CHAR(34) & A8 & CHAR(34) & ").ToString" -> dicConfig("Office365API_ApplicationID").ToString
A9: Office365API_ApplicationTenant | B9: Office365API_ApplicationTenant | C9: ID del Tenant del API de Azure para comunicación de Correo | D9: Global | F9: Texto | G9: Shared | H9: Core System | J9: ="dicConfig(" & CHAR(34) & A9 & CHAR(34) & ").ToString" -> dicConfig("Office365API_ApplicationTenant").ToString
A10: Office365API_SecretKey | B10: Office365API_SecretKey | C10: Secret Key del API de Azure para comunicación de Correo | D10: Global | F10: Texto | G10: Shared | H10: Core System | J10: ="dicConfig(" & CHAR(34) & A10 & CHAR(34) & ").ToString" -> dicConfig("Office365API_SecretKey").ToString
A11: PathConfig | B11: PathConfig | C11: Ruta del Archivo de Excel | D11: Global | E11: C:\RPA\Dev\EstructuraProcesos\ | F11: Texto | G11: Shared | H11: Core System | I11: FullPath | J11: ="dicConfig(" & CHAR(34) & A11 & CHAR(34) & ").ToString" -> dicConfig("PathConfig").ToString
A12: PermitirFinesDeSemana | B12: PermitirFinesDeSemana_General | C12: Control para indicar si se permite la ejecución en fin de semana. (True= sí, False = no) | D12: Global | E12: False | F12: Texto | G12: Shared | H12: Core System | J12: ="dicConfig(" & CHAR(34) & A12 & CHAR(34) & ").ToString" -> dicConfig("PermitirFinesDeSemana").ToString
A13: PuertoSMTP | B13: PuertoSMTP | C13: Puerto SMTP para envío de Correos en caso de que Exchange Falle. | D13: Global | F13: Integer | G13: Shared | H13: Core System | J13: ="dicConfig(" & CHAR(34) & A13 & CHAR(34) & ").ToString" -> dicConfig("PuertoSMTP").ToString
A14: ServidorSMTP | B14: ServidorSMTP | C14: Servidor SMTP para envío de Correos en caso de que Exchange Falle. | D14: Global | F14: Texto | G14: Shared | H14: Core System | J14: ="dicConfig(" & CHAR(34) & A14 & CHAR(34) & ").ToString" -> dicConfig("ServidorSMTP").ToString
A15: StringConnection | B15: StringConnection | C15: Cadena de conexión a Base de Datos | D15: Global | F15: Texto | G15: Shared | H15: Core System | I15: SetAccess:AccesoBaseDatos | J15: ="dicConfig(" & CHAR(34) & A15 & CHAR(34) & ").ToString" -> dicConfig("StringConnection").ToString
A16: TiempoEsperaCorreoCaptcha | B16: TiempoEsperaCorreoCaptcha_General | C16: Tiempo en minutos máximo que el robot esperará por respuesta a la solicitud de Captcha | D16: Global | E16: 10 | F16: Integer | G16: Shared | H16: Core System | J16: ="dicConfig(" & CHAR(34) & A16 & CHAR(34) & ").ToString" -> dicConfig("TiempoEsperaCorreoCaptcha").ToString
A17: TimeOut | B17: TimeOut_General | C17: Monto en milisegundos (1000 = segundo) que indica el tiempo máximo de espera en los controladores web de los robots. | D17: Global | E17: 30000 | F17: Integer | G17: Shared | H17: Core System | J17: ="dicConfig(" & CHAR(34) & A17 & CHAR(34) & ").ToString" -> dicConfig("TimeOut").ToString
A18: UrlWebApp | B18: UrlWebApp | C18: URL de la website con los Avisos de Oferta Publica de Grupo BMV | D18: Global | F18: Texto | G18: Shared | H18: Core System | J18: ="dicConfig(" & CHAR(34) & A18 & CHAR(34) & ").ToString" -> dicConfig("UrlWebApp").ToString
A19: Browser | B19: Browser | C19: Seleccionar entre { "Chrome", "Edge", "Firefox" } el navegador que desea usar en las ejecuciones de Robots | D19: Global | E19: Firefox | F19: Texto | G19: Shared | H19: Core System | J19: ="dicConfig(" & CHAR(34) & A19 & CHAR(34) & ").ToString" -> dicConfig("Browser").ToString

Sheet AssetsUnidadNegocio
A1: Name | B1: Asset | C1: Description | D1: Asset Scope | E1: Default Value | F1: Asset Type | G1: AssetFolder | H1: ¿Dónde Se Usan? | I1: CustomAssetConfig | J1: Llamada en Código
A2: NombreStorageBucket | B2: NombreStorageBucket_P | C2: Nombre del Storage Bucket donde están los insumos para este Flujo | D2: Global | E2: Plantilla | F2: Texto | G2: Shared | H2: Project Setting: Plantilla | J2: ="dicConfig(" & CHAR(34) & A2 & CHAR(34) & ").ToString" -> dicConfig("NombreStorageBucket").ToString
A3: EmailTo | B3: EmailTo_P | C3: Correos de usuarios de Negocio, separados por ; y sin espacios, de quienes deben recibir el reporte. | D3: Global | E3: correo1@dominio.com;correo2@dominio.com | F3: Texto | G3: Shared | H3: Project Setting: Plantilla | J3: ="dicConfig(" & CHAR(34) & A3 & CHAR(34) & ").ToString" -> dicConfig("EmailTo").ToString
A4: EmailCC | B4: EmailCC_P | C4: Correos de usuarios de Negocio, separados por ; y sin espacios, de quienes deben recibir el reporte. | D4: Global | E4: correo1@dominio.com;correo2@dominio.com | F4: Texto | G4: Shared | H4: Project Setting: Plantilla | J4: ="dicConfig(" & CHAR(34) & A4 & CHAR(34) & ").ToString" -> dicConfig("EmailCC").ToString
A5: EmailCCO | B5: EmailCCO_General | C5: Correos de usuarios de Negocio, separados por ; y sin espacios, de quienes deben recibir el reporte. | D5: Global | F5: Texto | G5: Shared | H5: Project Setting: Plantilla | I5: ExisteAsset | J5: ="dicConfig(" & CHAR(34) & A5 & CHAR(34) & ").ToString" -> dicConfig("EmailCCO").ToString

Sheet Credenciales
A1: Name | B1: Value | C1: Description | D1: Asset Scope | E1: Default Value | F1: Asset Type | G1: AssetFolder | H1: ¿Dónde Se Usan? | I1: Llamada en Código
A2: ApiMAID | B2: CredencialesAPIMAID | C2: Credenciales de Acceso al Access Token del API de NLP | D2: Global | F2: Credential | G2: Shared | H2: Project Setting | I2: ="dicCredenciales(" & CHAR(34) & A2 & CHAR(34) & ").ToString" -> dicCredenciales("ApiMAID").ToString
A3: ClientMAID | B3: CredencialesClientMAID | C3: Credenciales del Cliente API de NLP | D3: Global | F3: Credential | G3: Shared | H3: Project Setting | I3: ="dicCredenciales(" & CHAR(34) & A3 & CHAR(34) & ").ToString" -> dicCredenciales("ClientMAID").ToString
A4: CorreoRobot | B4: CredencialesCorreoGlobales | C4: Credenciales del Correo del Robot | D4: Global | F4: Credential | G4: Shared | H4: Core System | I4: ="dicCredenciales(" & CHAR(34) & A4 & CHAR(34) & ").ToString" -> dicCredenciales("CorreoRobot").ToString
A5: AppWeb | B5: CredencialesAppWebGlobales | C5: Credenciales de AppWeb | D5: Global | F5: Credential | G5: Shared | H5: Core System | I5: ="dicCredenciales(" & CHAR(34) & A5 & CHAR(34) & ").ToString" -> dicCredenciales("AppWeb").ToString
A6: CertificadoAppWeb | B6: CredencialesCertificadoAppWebGlobal | C6: Credenciales del Certificado para AppWeb | D6: Global | F6: Credential | G6: Shared | H6: Core System | I6: ="dicCredenciales(" & CHAR(34) & A6 & CHAR(34) & ").ToString" -> dicCredenciales("CertificadoAppWeb").ToString
A7: AccesoBaseDatos | B7: CredencialesBaseDatos | C7: Credenciales de la Base de Datos | D7: Global | F7: Credential | G7: Shared | H7: Core System | I7: ="dicCredenciales(" & CHAR(34) & A7 & CHAR(34) & ").ToString" -> dicCredenciales("AccesoBaseDatos").ToString

Sheet CRUD
B1: Existente o Crear | H1: Nuevo Valor al Editar
A2: Acción | B2: Asset Name | C2: Description | D2: Asset Scope | E2: Default Value | F2: Asset Type | G2: AssetFolder | H2: Asset Name Update | I2: Description | J2: Asset Scope | K2: Default Value | L2: Asset Type | M2: AssetFolder
A3: Crear
A4: Editar
A5: Eliminar
